<beans xmlns="http://www.springframework.org/schema/beans"
	xmlns:xsi="http://www.w3.org/2001/XMLSchema-instance"
	xmlns:context="http://www.springframework.org/schema/context"
	xmlns:mvc="http://www.springframework.org/schema/mvc"
	xmlns:tx="http://www.springframework.org/schema/tx"
	xsi:schemaLocation="http://www.springframework.org/schema/mvc http://www.springframework.org/schema/mvc/spring-mvc.xsd
		http://www.springframework.org/schema/beans http://www.springframework.org/schema/beans/spring-beans.xsd
		http://www.springframework.org/schema/tx http://www.springframework.org/schema/tx/spring-tx-4.1.xsd
		http://www.springframework.org/schema/context http://www.springframework.org/schema/context/spring-context.xsd">
 
	<!--<context:annotation-config />--> 
	
	<context:component-scan base-package="com.csr" />
<mvc:default-servlet-handler/>
 
    <mvc:annotation-driven /> 
    
    	<!-- <bean id="dataSource"
		class="org.springframework.jdbc.datasource.DriverManagerDataSource">

		<property name="driverClassName" value="org.apache.derby.jdbc.ClientDriver" />

		<property name="url" value="jdbc:derby://172.24.18.178:1527/hari" />

		<property name="username" value="demo" />

		<property name="password" value="123" />

	</bean> -->
	<bean id="dataSource" class="org.springframework.jdbc.datasource.DriverManagerDataSource">
		<property name="driverClassName" value="oracle.jdbc.driver.OracleDriver" />
		<property name="url" value="jdbc:oracle:thin:@10.232.71.29:1521:INATP02" />
		<property name="username" value="shobana" />
		<property name="password" value="shobana" />
	</bean>

<bean class="com.csr.model.MetaData" id="metaData"/>

<bean class="com.csr.model.Data" id="data"/>

<bean class="com.csr.model.Error" id="error"/>

<bean class="com.csr.model.Response" id="response"/>


	<bean name="viewResolver" class="org.springframework.web.servlet.view.BeanNameViewResolver"/>
    <bean name="jsonTemplate" class="org.springframework.web.servlet.view.json.MappingJackson2JsonView"/>
   <!-- <bean id="abc" class="restApi.UserDAOImpl">
   	<constructor-arg ref="dataSource"></constructor-arg>
   </bean> -->
 
</beans>