<beans xmlns="http://www.springframework.org/schema/beans"
    xmlns:xsi="http://www.w3.org/2001/XMLSchema-instance" xmlns:context="http://www.springframework.org/schema/context"
    xmlns:mvc="http://www.springframework.org/schema/mvc"
    xsi:schemaLocation="http://www.springframework.org/schema/beans http://www.springframework.org/schema/beans/spring-beans.xsd
    http://www.springframework.org/schema/context http://www.springframework.org/schema/context/spring-context.xsd
    http://www.springframework.org/schema/mvc http://www.springframework.org/schema/mvc/spring-mvc.xsd">
 

    <context:component-scan base-package="com.csr" />
 <mvc:default-servlet-handler/>

 
    <mvc:annotation-driven />

    
		
	<!-- Initialization for data source -->
<!-- <bean id="dataSource" class="org.springframework.jdbc.datasource.DriverManagerDataSource">
      <property name="driverClassName" value="org.apache.derby.jdbc.ClientDriver"/>
      <property name="url" value="jdbc:derby://172.24.18.11:1527/kumar"/>
      <property name="username" value="muthu"/>
      <property name="password" value="123"/>
   </bean> -->
     

   <!--  For oracle data base -->
 <bean id="dataSource" class="org.springframework.jdbc.datasource.DriverManagerDataSource">
		<property name="driverClassName" value="oracle.jdbc.driver.OracleDriver" />
		<property name="url" value="jdbc:oracle:thin:@10.232.71.29:1521:INATP02" />
		<property name="username" value="shobana" />
		<property name="password" value="shobana" />
	</bean> 
    <!-- JSON Support -->
    <bean name="viewResolver" class="org.springframework.web.servlet.view.BeanNameViewResolver"/>
    <bean name="jsonTemplate" class="org.springframework.web.servlet.view.json.MappingJackson2JsonView"/>
  <bean name="metaData"  class="com.csr.api.model.MetaData"></bean>
   <bean name="data" class="com.csr.api.model.Data"></bean> 
    <bean name="response" class="com.csr.api.model.Response"></bean>
 	<bean name="error" class="com.csr.api.model.Error"></bean> 
</beans>