<beans xmlns="http://www.springframework.org/schema/beans"
	xmlns:xsi="http://www.w3.org/2001/XMLSchema-instance" xmlns:p="http://www.springframework.org/schema/p"
	xmlns:aop="http://www.springframework.org/schema/aop" xmlns:context="http://www.springframework.org/schema/context"
	xmlns:jee="http://www.springframework.org/schema/jee" xmlns:tx="http://www.springframework.org/schema/tx"
	xmlns:task="http://www.springframework.org/schema/task"
	xsi:schemaLocation="http://www.springframework.org/schema/aop http://www.springframework.org/schema/aop/spring-aop-3.2.xsd http://www.springframework.org/schema/beans http://www.springframework.org/schema/beans/spring-beans-3.2.xsd http://www.springframework.org/schema/context http://www.springframework.org/schema/context/spring-context-3.2.xsd http://www.springframework.org/schema/jee http://www.springframework.org/schema/jee/spring-jee-3.2.xsd http://www.springframework.org/schema/tx http://www.springframework.org/schema/tx/spring-tx-3.2.xsd http://www.springframework.org/schema/task http://www.springframework.org/schema/task/spring-task-3.2.xsd">
 
	<context:component-scan base-package="com.training" />
 
	
	
	<bean id="myCarCompany" class="com.training.Hyundai">
				
	</bean>
	
	
	<bean id="carCompany3" class="com.training.Honda">
				
	</bean>
	
	      
      <bean id="insurance" class="com.training.InsuranceAgent" >
      </bean>
      <bean id="s" class="com.training.simple"></bean>
      
      <bean id="MyDealer" class="com.training.ABT" autowire="byType" >
      
                  
      </bean>
				
		
			
	
</beans>