<?xml version="1.0" encoding="UTF-8"?>
<beans xmlns="http://www.springframework.org/schema/beans"
	xmlns:xsi="http://www.w3.org/2001/XMLSchema-instance" xmlns:p="http://www.springframework.org/schema/p"
	xmlns:context="http://www.springframework.org/schema/context"
	xsi:schemaLocation="http://www.springframework.org/schema/beans
 
http://www.springframework.org/schema/beans/spring-beans-4.0.xsd
http://www.springframework.org/schema/context 
http://www.springframework.org/schema/context/spring-context-4.0.xsd">
 
	<context:component-scan base-package="com.inautix.training" />
		
	<bean id="viewResolver"
		class="org.springframework.web.servlet.view.UrlBasedViewResolver">
		<property name="viewClass"
			value="org.springframework.web.servlet.view.JstlView" />
		<property name="prefix" value="/WEB-INF/jsp/" />
		<property name="suffix" value=".jsp" />
	</bean>
		
		
	<!-- Initialization for data source -->
   <bean id="dataSource" 
      class="org.springframework.jdbc.datasource.DriverManagerDataSource">
      <property name="driverClassName" value="oracle.jdbc.driver.OracleDriver"/>
      <property name="url" value="jdbc:oracle:thin:@10.232.71.29:1521:INATP02"/>
      <property name="username" value="shobana"/>
      <property name="password" value="shobana"/>
   </bean>

   <!-- Definition for CustomerDAO bean -->
   <bean id="customerDAO" 
      class="com.inautix.training.banking.dao.CustomerDAO">
      <property name="dataSource"  ref="dataSource" />    
   </bean>
		
	
	
	</beans>