<?xml version="1.0" encoding="UTF-8"?>
<beans xmlns="http://www.springframework.org/schema/beans"
       xmlns:xsi="http://www.w3.org/2001/XMLSchema-instance"
       xmlns:p="http://www.springframework.org/schema/p"
       xmlns:aop="http://www.springframework.org/schema/aop"
       xmlns:tx="http://www.springframework.org/schema/tx"
       xmlns:mvc="http://www.springframework.org/schema/mvc"
       xmlns:context="http://www.springframework.org/schema/context"
       xsi:schemaLocation="http://www.springframework.org/schema/beans http://www.springframework.org/schema/beans/spring-beans-3.0.xsd
       http://www.springframework.org/schema/context http://www.springframework.org/schema/context/spring-context-3.0.xsd
       http://www.springframework.org/schema/aop http://www.springframework.org/schema/aop/spring-aop-3.0.xsd
       http://www.springframework.org/schema/tx http://www.springframework.org/schema/tx/spring-tx-3.0.xsd
       http://www.springframework.org/schema/mvc http://www.springframework.org/schema/mvc/spring-mvc-3.0.xsd">

    <mvc:annotation-driven />
    <context:component-scan base-package="com.inautix.training"/>
    
		
	<!-- Initialization for data source -->
 <bean id="dataSource" class="org.springframework.jdbc.datasource.DriverManagerDataSource">
      <property name="driverClassName" value="org.apache.derby.jdbc.ClientDriver"/>
      <property name="url" value="jdbc:derby://172.24.18.11:1527/kumar"/>
      <property name="username" value="muthu"/>
      <property name="password" value="123"/>
   </bean>
   <!-- Definition for CustomerDAO bean -->
  
	<!-- <bean id="bookDAO" 
      class="com.inautix.training.book.controller.BookDAO">
      <property name="dataSource"  ref="dataSource" />    
   </bean> -->
	
	</beans>