<beans xmlns="http://www.springframework.org/schema/beans"
	xmlns:xsi="http://www.w3.org/2001/XMLSchema-instance" xmlns:p="http://www.springframework.org/schema/p"
	xmlns:aop="http://www.springframework.org/schema/aop" xmlns:context="http://www.springframework.org/schema/context"
	xmlns:jee="http://www.springframework.org/schema/jee" xmlns:tx="http://www.springframework.org/schema/tx"
	xmlns:task="http://www.springframework.org/schema/task"
	xsi:schemaLocation="http://www.springframework.org/schema/aop http://www.springframework.org/schema/aop/spring-aop-3.2.xsd http://www.springframework.org/schema/beans http://www.springframework.org/schema/beans/spring-beans-3.2.xsd http://www.springframework.org/schema/context http://www.springframework.org/schema/context/spring-context-3.2.xsd http://www.springframework.org/schema/jee http://www.springframework.org/schema/jee/spring-jee-3.2.xsd http://www.springframework.org/schema/tx http://www.springframework.org/schema/tx/spring-tx-3.2.xsd http://www.springframework.org/schema/task http://www.springframework.org/schema/task/spring-task-3.2.xsd">
 
	<context:component-scan base-package="com.inautix.training" />
 
	<!-- Initialization for data source -->
   <bean id="dataSource" 
      class="org.springframework.jdbc.datasource.DriverManagerDataSource">
      <property name="driverClassName" value="org.apache.derby.jdbc.ClientDriver"/>
      <property name="url" value="jdbc:derby://172.24.18.11:1527/kumar"/>
      <property name="username" value="muthu"/>
      <property name="password" value="123"/>
   </bean>

 
  <bean id="JDBCTemplateBean" class="com.inautix.training.JDBCTemplateBean">
  <property name="dataSource" ref="dataSource"/>
  </bean>
   
 <bean id="controller" class="com.inautix.training.StudentController"></bean>
	
</beans>